"user_id","status_id","created_at","screen_name","text","description"
"x377453664","x1389520935171014660",2021-05-04 10:03:01,"bvgassociates","Scots floater to evaluate US platform  - reNews - Renewable Energy News https://t.co/gyGYw0F4FN","Leading independent renewable energy strategic consultancy with a global outlook, specialising in wind and marine energy."
"x1185790302784634881","x1406936142214139908",2021-06-21 11:24:50,"shellhe626","show me a cat that does this  https://t.co/M1Oms7qOZj","PDX native-Independent-Dog MomğŸ‡ºğŸ‡¸"
"x4558586973","x1387114547971076096",2021-04-27 18:40:54,"ZebraMinarchist","@MrErnestOwens What a fruitcake this guy is ğŸ¤£","Conservatarian Sports Fanatic ğŸ‡ºğŸ‡¸ğŸ¥ğŸˆğŸ—½ğŸ’¼
I Conservative I Independent I Libertarian l I hold both sides accountable & will point out hypocrisy from either."
"x1098306300","x1352610266270339079",2021-01-22 13:33:12,"RobynNissim","This is simpler than it looks.

@gehrig38 Schilling publicly supported an attempt to overthrow the elected U.S. government, attack the Capitol, and kill Senators and Reps.

@mlb should put him on the Permanently Ineligible List.

HOF is then closed to him. https://t.co/MyVVr3QLoZ","I'm not a nurse. Former PR person/writer with a focus on medicine and research. Independent in all ways.

#MADD
#StopAsianHate
#BLM
#adopt
#resist"
"x832825942384967680","x1393328797185978371",2021-05-14 22:14:06,"SVonsouvanh","@JoeKilpatrick15 I donâ€™t respond to mentally ill people","Independent, universal citizen, guided by principles, integrity, and conscience, not any specific political ideology, Eagles fan. Pro-America = Anti-Trump"
"x1308751123952660482","x1414202730118369284",2021-07-11 12:39:40,"CosmicIndiffer1","@xZachPhillipsx And individuals are unpeaceful every day as well. A lack of government would beget a Mad Max scenario, where the vacuum of power is filled by the most aggressive and unscrupulous.","Independent, disabled combat vet, formerly NSA and Army, defense consultant, dad. Dabbles in plants and vintage power tools. Neurodivergent and proud."
"x455127456","x1296258815352958976",2020-08-20 01:32:39,"MarkdMotivation","@GabbyGiffords @JoeBiden @KamalaHarris Tears in my eyes. Thank you. Iâ€™m still struggling getting used to my prosthetic leg and cannot begin to imagine the challenges you face daily.

Thank you for your fight.
Thank you for your courage. 
Thank you for your service to our country. 

One foot in front of the other
â¤ï¸ğŸ‡ºğŸ‡¸","Employment attorney, patient advocate & amputee. Believer of individual freedom & fact-based policy. I care for everyoneğŸ‡ºğŸ‡¸. (independent / Lincoln Republican)"
"x819028469644410880","x1415689023159291910",2021-07-15 15:05:40,"NewMexican1986","In California now the fires are so hot, so intense, that they create tornado effects.
This is not normal.
This is not normal.
This is not normal.
This is not normal.
This is not normal.
This is not normal.

#ClimateChange https://t.co/FeJy5rGxkb","Never Trumper from the Start. White Suburban Pissed-Off â€œHousewifeâ€ who doesnâ€™t suffer fools. Independent voter."
"x3237854867","x1376347861626068995",2021-03-29 01:37:56,"nickj9697","America ğŸ¤ Weimar Germany https://t.co/5zs1xEv8Kr","Pol. Independent // Professional Cynacist // History Fanatic // Un-Apologetically Pro Free Speech"
"x363492159","x1347279200009519105",2021-01-07 20:29:27,"ijeepgirl6","Who could ever have predicted such a horrible thing would happen, said no one who had been remotely paying attention","Womyn ğŸ‘©ğŸ½â€ğŸ’¼ Catholic â›ªï¸ Jeep Evangelist ğŸœ Conservative Independent former Conservative Republican ğŸ‘©ğŸ½â€ğŸ’»"
"x1239910474050830337","x1411823039801606145",2021-07-04 23:03:37,"CultCop","@DeathMetalV Man, I was. I've been on the gulf coast my whole life. Lived in Louisiana for Katrina even. 

But Michael almost killed me and my family, and I have bad storm PTSD over it.","Just a mechanic who remembers ğŸ‡ºğŸ‡¸ ideals. Traditionally Independent. Ran when parked.
I don't care if you like me. #NeverForget 1/6/2021"
"x808498166479917056","x1412494396050792457",2021-07-06 19:31:21,"Parrow_","Now Available On Demand

@NoPeaceFL This Hell Is Home!

@LordCreweKills v @ThrashJustice
@BloodyMickie v @SawyerWreck
@thejamiesenegal v @K3nn3diCop3land
@The_Ace_Austin v @TreehouseLee
@OdinsonOfAsgard @Parrow_ v @JCrane317 @DalePatricks
&amp; more!

https://t.co/ZPTUPSjv1T https://t.co/e7mWXnrzHb","Independent Professional WrestlerğŸ³ï¸â€ğŸŒˆ,One half of The Tag Team The End.Instagram workout selfies parrow49. booking info email Mikeysqwest@hotmail.com"
"x827998594422616064","x1346697737144856577",2021-01-06 05:58:55,"TrumpLies45","@o0rimbuk0o @SobolNick @ADnot_today @acrufox @cburfeind3 @kayleighmcenany @abbydphillip There isn't a single shread of evidence . You are being played by a spoiled bully who never learned how to lose. You are selling out American democracy to back an Authoritarian leader who has no interest in Democracy. By definition,  Trump is America's domestic enemy","Truth Trump's Lies. I am a hard-working, educated, middle class, independent  with major concerns on what 45 is doing to our country. Seeking Truth."
"x3835323785","x1414261315875614731",2021-07-11 16:32:28,"sodak350","@SeriousSkeptic @MarkChangizi Sacrilege","independent thinking conservative Christian and proud USAF veteran,  husband, father,  grandfather. #Maga  #Kag"
"x1143252242943922178","x1400252802518106112",2021-06-03 00:47:38,"baberuth52","@RealMattCouch No worse than Carter","Sales Executive, Politics, Sports, History, Professor, Conservative Independent"
"x880831254874042374","x1405193352413212675",2021-06-16 15:59:37,"Sarahwhite272","@g_odums cream of wheat but oatmeal a very close second.","Retired, American independent, former Republican. Voted for Biden/Harris and WE WON! Now the hard work begins cleaning up the mess from the previous admin."
"x138761646","x1337191600309473283",2020-12-11 00:24:55,"JCSFG49fan","@jparkABC @wyscrapper Oh the complicity. Don't worry though, he'll get away with it!","Independent, business owner, family man. Love to travel, eat, and watch tv!"
"x1103622835","x1387447488337096709",2021-04-28 16:43:53,"dudleydwrightly","@DonaldJTrumpJr How many other shoes are going to drop? #Giuliani #Ukraine #Republicans 
https://t.co/4FE7dyAzGI","Independent; politically and socially.
Former Teamster, past NRA member."
"x971279109602119681","x1395251895862693888",2021-05-20 05:35:49,"Davamcc","@brat2381 A flat out coverup condoned and carried out by law enforcement. Period. For two damn yearsâ€¦he tried so hard to appeal to their basic humanity. They didnâ€™t have any. Prayers for his poor family. ğŸ’”","Independent, Indivisible, Incorrigible... but thatâ€™s part of my charmğŸ¤£. Navy brat, loyal to democracy and equality. #Resistor #SeditionHasConsequences"
"x389044719","x1333210720683630593",2020-11-30 00:46:20,"zorbob","@JennaEllisEsq Are you turning in your Bar Card? Cause that would be a good start.","Independent former Republican, eyes wide open and sick of the lies."
"x216145959","x1331855954430849024",2020-11-26 07:02:58,"IPNInvestigator","@2012_emerald @kton11 @SaraCarterDC See how this is censored?? Gaslighting is REAL. â¤ğŸ‡ºğŸ‡¸â¤","I am an Ordained Spiritual Minister, trauma counselor &
 Independent Paranormal Investigator. Specialized and experienced in HAPPINESS. 
*NONCOMMERCIAL*"
"x1220783380352176132","x1323147113010765826",2020-11-02 06:17:09,"RoseMar32478245","@JoeBiden We canâ€™t afford any time with you as president. Itâ€™ll be a cold day in hell when youâ€™re in the White House.... more like youâ€™ll be back in your basement. ğŸ˜Š","Independent voter ğŸ‡ºğŸ‡¸"
"x3140524963","x1395404465910472704",2021-05-20 15:42:04,"ObiwanShoenobi","""Part of the way we control the Gazans are these recurring operations, this concept of 'mowing the lawn'... The only way to end this is with political will. That's why it's so important that we who carried out this military control speak out.""
@AGvaryahu to MSNBC's @AliVelshiğŸ‘‡ https://t.co/Y3n1AnKJgV","Sneakerhead - Size 13 - Native American/Native Texan - Advocate for Free Speech/Equality/Love/Acceptance - Politics = Independent"
"x1682496260","x1407492904239583235",2021-06-23 00:17:12,"thecwhenry","Republicans have spent more energy trying to limit your right to vote than they have trying to win it.","Independent thinker who finds enjoyment through the injection of disinfectant into the body of stupidity...all 40% of it!"
"x115575564","x1410814269931896838",2021-07-02 04:15:08,"WendyGal73","Iâ€™ll send $200 in 48hrs to one person who retweets this tweet &amp; follows @criptopaul &amp; myself. 

Must join their telegram https://t.co/sGl3yVqdFi","Single Independent Christian Woman with a â¤ï¸ of gold. #SlayFam #TeamStacks #AsYouWish Cashapp: $WendyGal73 PayPal: https://t.co/F1ZcexhCM5"
"x892607547483373569","x1349782980416266240",2021-01-14 18:18:34,"darkstormynit","It's beyond poetic that Trump is refusing to pay Giuliani's legal fees.  Can't script this stuff any better.

https://t.co/y75Ker5h8J","Living the dream, independent, leaf fan and Roll Tide"
"x4069949114","x1412090617304256515",2021-07-05 16:46:53,"syberlynx","Deadlier than Delta: Lambda strain detected in over 30 countries, says Health Ministry
https://t.co/g8siRmP6ft  https://t.co/g8siRmP6ft","ğŸ’™ğŸ‡ºğŸ‡¸ Independent ğŸ¤” MBC patientâ€™s husband USAFA cadetâ€™s papa Anesthesiologist Secular science geek Justice & Healthcare for ALL! ğŸ—½âš½ï¸ #COYS"
"x1067519927400259585","x1277634195972599809",2020-06-29 16:05:04,"bluebrain13","So now Herr FÃ¼hrer complains about not having 100% approval rating - unlike other totalitarian leaders. https://t.co/Faj4JORdqg","Independent & honest brainiac. Always up for a respectful discussion. Resisting TÑâ˜­mp not due to different opinions but fundamental human values."
"x826175179105636355","x1354571974484357124",2021-01-27 23:28:20,"Oswald1066","@amvetsupport The Republican Party is done. Itâ€™s Republican in name only. If the storming of the Capitol didnâ€™t change them nothing will. Trump has a death grip over the grassroots of the Republican Party and this election did not change a thing.","ğŸ‡ºğŸ‡¸ U S Army! Independent, Anti-TÑâ˜­mp! Biological Science @audubonsociety, Dogs Rule, Educator, Orthodox, Pittsburgh Steelers!"
"x13639572","x1346933195003097089",2021-01-06 21:34:33,"crankypants_uk","These people are terrorists. 

They are engaged in terrorism, presently. 

They stormed the US Capitol with the intent to commit politically motivated terroristic acts.

They hid at least one bomb on the grounds.

They are terrorists, and their leader is Donald Trump.","Independent meeting planner/vagabond. Ginger, book nerd & music lover. #BlackLivesMatter #AbolishthePolice #MutualAid #SolidarityNotCharity"
"x573755410","x1389271889550450697",2021-05-03 17:33:24,"carcarsofeli","This is an interesting tweet from a close confidante of Giuliani, who the former president had not wanted to pay. https://t.co/Yjfm1L1NR0","From New England. I play soccer. Iâ€™m an independent voter."
"x1252762712","x1389329091979976704",2021-05-03 21:20:42,"environguy","@mohavecounty I was in bullhead a year ago now, 25 positive cases at the time. Now it's blown up","Independent, old school, all people loving,  old man"
"x215064057","x1403385155285291013",2021-06-11 16:14:29,"JessicaOutLoud","@_P1VOT @Richcomputerguy @Baligubadle1 Maybe the god of the Bible created Adam and Eve and other Gods created the rest. Just saying. Since many claim we shouldnâ€™t take the Bible literally then anything could be a possibility.","INDEPENDENT VOTER, From Baytown, TX ğŸŒŠ I am pro-Quality of life and pro-choice."
"x1096791114","x1388648503811969036",2021-05-02 00:16:17,"ishsregor","@AlexaNielsen6 @hazydav Yeah, not much. We have too many ego maniacs already.","Independent, Moderate Progressive. At 78, opportunities ahead. lived in Texas mostly, now in Arkansas. Beautiful AR river valley country! I donâ€™t do DMs."
"x397003775","x1335351082445201408",2020-12-05 22:31:22,"Stevemissions","The government canâ€™t tell you to close your business without providing financial assistance. To do so is a death wish for many families and itâ€™s as simple as that. 

It has nothing to do with not taking the virus seriously, but instead fighting for survival on another front.","Evangelist to Brazil , Evangelista na Brasil desde 2006! Since 2006. I served as an Independent Baptist Missionary to Tijuana, Mexico for 10 years."
"x803751543186915328","x1391203393054466049",2021-05-09 01:28:30,"lesjoel123","@Mike_71STL @Super70sSports Had a used one after college-drove it into the ground!","Registered Independent, proud husband, proud first generation American. May you live in Interesting Times!"
"x948253948959375360","x1349086983943909376",2021-01-12 20:12:56,"DHLaFong","PBS top lawyer says gov should build 'enlightenment camps' and remove children from Trump supporting homes @Project_Veritas

Beller needs to be fired by PBS. My daughter watches PBS and she won't be anymore. This is absolutely intolerable. 

https://t.co/q3QCTgREPv","Independent man, love my country, father of two, guitarist and vocalist, hard rock, blues, on and on,,,not giving up on being youthful, at least in thought!"
"x754199724601769985","x1404626553649127430",2021-06-15 02:27:21,"leorabbit49","It is really difficult to live better than the rich people on a low salary. You have to manage your money really well.","I am the only person who will ever have a really good life or afterlife. I am the last man on Earth and the first man in Heaven. I am a moderate Independent."
"x336310812","x1411432024842379266",2021-07-03 21:09:52,"TXCobrak","@alisonphipps A word salad of leftist fascist lunacy.","Just an old Conservative Independent hoping for a bright future of freedom and opportunity for all."
"x269747678","x1323609122743439360",2020-11-03 12:53:00,"ccamp445","MICHIGAN!! If you haven't voted yet, get out and vote for #BidenHarris.  My beloved son, Patrick McNamee, can't vote because he died of Covid. Vote in honor of him. https://t.co/y69wspCsjr","Hard blue colar worker. Navy vet. Believe all should be treated equally. Was an independent but now active Democrat. #resist"
"x803611469589913601","x1364968289080860674",2021-02-25 15:59:34,"Edward_Pernotto","@JimHansonDC hey @LarryOConnor Don't know if you know the awesome Uncle Jimbo, great American and Special Forces soldier, perhaps you can help or at least interview him for a segment","Author and Independent Consultant specializing in military history, national security, and innovation."
"x78475324","x1412607995209523200",2021-07-07 03:02:45,"windkbba","@MountainFiain @KristiNoem If you saw a Native American doing a rain dance, which is dancing &amp; praying to their god, would you tell them to stop? Science will take care of them?","Husband, dad, Pro-Life Christian, Independent Constitutionalist. If SamAdams & AdamSmith were alive theyâ€™d follow me & drink Straub Beer together #TeaParty2"
"x1090641443453059072","x1329133920261115907",2020-11-18 18:46:35,"christi76540971","ğŸ’¯ https://t.co/7hWlSuK26W","ğŸ‡ºğŸ‡¸Proud Patriot, Mom, Nana and wife. Independent, creative thinker. Laugh to Live!ğŸ‡ºğŸ‡¸"
"x3156558773","x1349911107440431104",2021-01-15 02:47:42,"OGNoFuxGiven","@waynetaculus @AP Itâ€™s the same thing as if a person goes into a store without clothes on and they kick them out. Youâ€™d laugh at that person on the news. Not say a private company canâ€™t let a naked person walk around causing mass disruption and a degradation of values. Right?","Independent 1st Gen Texan. Science proves MY faith. 45* is illegitimate #FactsMatter #TheResistance #FormerGOP #ProudGunOwner #TurnTexasBlue"
"x2742788775","x1381389770799075328",2021-04-11 23:32:40,"ScottWoodwardNH","I love this photo that my friend Kim snapped of one of the dogs at #Vermont Barks and Recreation in Monkton! https://t.co/CpbH5JTW7x","IT Consultant | Dog Rescue | Nature & Wildlife | VLS & UNH Alum | U.S. Army Veteran  | Independent Voter | â€œIf you travel far enough, you will meet yourself.â€"
"x481297034","x1413904561950052378",2021-07-10 16:54:51,"MamasGeeky","A HUGE thank you to @oswegocomicshop for hosting the Oswego Red Carpet premiere of Black Widow last night! What a BLAST!

I put together some clips of red carpet arrivals &amp; of course -- audience reactions! Check it out: https://t.co/ICezpSzSVs

#BlackWidow #TheComicShopSeesAMovie https://t.co/nNOUg8eJ86","Film & TV Critic @rottentomatoes â€¢ @HCACritics @filmindependent @GWNYFilmCritics Member â€¢ Bylines @ScreenRant @disneyplusnews @mamasgeeky â€¢ Tessa@mamasgeeky.com"
"x2789673465","x1387865499539673088",2021-04-29 20:24:55,"dbunk55","@DonaldJTrumpJr and your opinion is relevant, how?","Independent Audio Professional always looking for clients. Archivist. Guncle"
"x1264540131077369858","x1356427610948055041",2021-02-02 02:21:58,"cabresister","Lest we not forget that public hangings were once sport for many hundreds of years or we are doomed to repeat these mistakes.","#voteblue #Biden2020.  #FBR #FuckTrump Hardworking, independent, nasty woman.ğŸ³ï¸â€ğŸŒˆğŸ‡±ğŸ‡·ğŸ’¯ğŸ§¢ğŸŒŠğŸŒŠğŸ¤¦"
"x392273379","x1387167023306874880",2021-04-27 22:09:25,"lisapr1113","@RadioFreeTom Going to Rite-Aid tomorrow to get jabbed. Been postponed 3x since March because of a damn cold!!!","#Independent  #NeverTrumper #Resistance2016 #ButHerEmails ğŸ¤¦ #NoVoteisaTrumpVote
#VoteBlue2020 #DiversityIsTheKey 
AND #GMen4Life â¤ my Giants and Cuse baby ğŸ˜‰âœŒâ¤"
"x234213114","x1379628784433967104",2021-04-07 02:55:09,"LRH213","Godâ€™ll work it out. Heâ€™s just not in the same hurry you are.","Christian, army wife, political independent, former DoD contractor/ I â¤ï¸ God, Titans, Nashville, grammar, foreign policy #TitanUpâš”ï¸ #WarEagleğŸ¦… & #nevertrumpğŸ¤¥"
"x4871961853","x1415008204610756610",2021-07-13 18:00:20,"Mrsmmtbeauty","@GOPChairwoman Chairwoman, 

Iâ€™ve got some ideas on how to improve the Republican Party &amp; ensure that we have a decisive victory in 2022. 

Should you be open to a conversation, Iâ€™m willing to help.

The door is open.","Former CA girl. Independent conservative. Proud Black American! I left the Republican party. #America1st  #2A. #BackTheBlue Good Cops!ğŸ‘®ğŸ¾â€â™‚ï¸ğŸ‘®ğŸ¾â€â™€ï¸ God."
"x864836092356382720","x1388852472106651658",2021-05-02 13:46:47,"JamieJiggiepoo","@catturd2 Any GOP Governor with a Republican legislative majority who does not copy DeSantis should be primaried. Big Ron is showing you how it's done... just do it.","Independent Thinker ~ Patriotic to my bones. Eyes wide open and I continue to ponder, when the hell I closed them! No Lists"
"x2960064168","x1409010563124842499",2021-06-27 04:47:51,"JMasoots","@B52Malmet @donwinslow Thatâ€™s the price of deciding to get your immunity â€œthe natural way.â€","Independent. Microeconomics addict. Evolutionary biology aficionado."
"x1033011642","x1411370724657405952",2021-07-03 17:06:17,"GodlessEngineer","@iamungit @TFADpod @SimonC43174444 @almightygod Ok. To me that means it's a bogus measure of accuracy.

Most of the universities that employee experts in relevant fields are religious universities that require statements of faith.","I'm a godless, independently-thinking Southerner living in North Alabama just trying to survive. he/him

Husband to @ge_kaitlyn"
"x1115860021051568130","x1413120046960885767",2021-07-08 12:57:28,"rick_hennig","Grifters, anti-vax/anti-mask covidiots, white supremacists, those who romanticize the Confederacy, the uneducated, and those who have been previously beguiled by TV hair preachers are those who gravitate to Trumpism. It has absolutely nothing to do with ""policy."" #TrumpCult","American PatriotğŸ‡ºğŸ‡¸. Minnesotan. CIVIC Nationalist. Independent Centrist. Professional Wrestling fan. Gamer. #BlackLivesMatter
#GetVaccinated"
"x4615594696","x1413836374067884044",2021-07-10 12:23:54,"buddhasgift1","@AmoneyResists @staceyabrams @GOP There are definitely investments going into this grassroots infrastructure in key states. The problem is that it was 10 years in the making in GA.

But yes. In.","Radical moderate. Independent. Voting blue till this GOP is out of power. Musician & lover of all animals & plants. #GeeksResist"
"x1044024025582903298","x1366607774835212297",2021-03-02 04:34:18,"Missy51903771","@BigmamaDolcea @MysterySolvent Unsafe for kids under 200 years old.","registered as independent"
"x824732418124947457","x1416394675708104709",2021-07-17 13:49:40,"WBooneHedgepeth","Amazon's new Vella Library for easy reading on your phone and iPad, computer, etc. Stories are sold by episode using tokens. Amazon is giving FREE TOKENS right now, so click on the link to get yours. First 3 Episodes of Vella stories are free too. .https://t.co/oWf5dYJGWJ https://t.co/20cjaBn8U1","#Author of Wild Willful Heart 
ISTJ
Registered Independent
Bone Southern
Visionary thought from visions
Christ IS the Source
Visceral account
America First"
"x42751662","x1326554409816346625",2020-11-11 15:56:32,"JaredRichNYC","@SalAlbaneseNYC Chances are the story will end with the homeowner paying the squatter to leave.","Dad. 2019-ran for NYC Public Advocate. Next time,? Independent Attorney, Fettered Capitalist, Pragmatic, Brooklyn born & raised. Let's go Nets!"
"x2713461986","x1330506207757471748",2020-11-22 13:39:34,"pattikay5","Emily Murphy must be the example for all to follow. Start the transition for the future of the country you currently love only if under GOP leadership. 
#GSAEmilyDoYourJob https://t.co/4X3U0EY1Ox","Opinionated. Independent of party affiliation."
"x2407903117","x1404209035184951303",2021-06-13 22:48:17,"BunyBro","-More fun, less expensive âœ…
-1/2 White Claws âœ…
- Youth league celebration âœ…
- ğŸ•ºğŸ’ƒ dance âœ…
- Off to the races âœ…
- Sunburners concert âœ…
- Chillin w pops âœ…

Yeah, itâ€™s gonna be a good week

#YallorNothing
#GoYalls https://t.co/0QwNHIRJcm","Independent ğŸ‡ºğŸ‡²ğŸ¦…

Cincinnati Redsâš¾
Cincinnati BengalsğŸˆ
Florence Y'allsâš¾
Father of a ğŸ• and a ğŸˆ"
"x279105896","x1381375506948448270",2021-04-11 22:36:00,"ResearcherBy","I find that not to be a parallel analogy. Also find that my attempts to explain why it is not are unconvincing.  ğŸ™„@nancy_paul1 @KeithSGwd @MNF_Miracle    @Jose43435584 @JosephXander23 @Jose43435584 @kksheld @richardursomd @RuffusMD @TheRoctor_MD @chbstone2 @TheRoctor_MD https://t.co/ZWEm0iI2Hz","Independent Researcher 
Former University Professor"
"x2711718543","x1415767976452640769",2021-07-15 20:19:23,"PatiKRoll11","When an attempted coup d'Ã©Â·tat goes unpunished, it becomes a training exercise. Seditious Republicans and their impotent, wannabeâ€“fascist leader Donald Trump ğ¦ğ®ğ¬ğ­ be held accountable. https://t.co/jL4MJKlip9","ğŸ†˜. Personal Trainer, Independent Sales Rep, Progressive, PROUD RESISTER, #resist, #TheResistance, #ResistTrump, NO DMs!! #Biden2020"
"x33337890","x1386342324305858561",2021-04-25 15:32:21,"SHELLNM","@hollyrpeete @MagicJohnson @RodneyPeete9 @Dodgers This picture is Epic!!!","Management & Promotion for
â€œLil Kartyâ€ 
â€œDetroit Independent Artistâ€
#linkinbio 
Send All Inquires to lilkartynation@gmail.com
â€œMerchandise Coming Soonâ€"
"x249429546","x1339019862799233024",2020-12-16 01:29:47,"ShelbyBWI7","@RepMattGaetz Stfu @RepMattGaetz   U r a fâ€™g moron! We were over u years ago already!","WI independent. 2 years in recovery. Elderly & special needs adult caregiver. Proud Mom of 2 amazing adult human beings ğŸ‘©â€ğŸ‘§â€ğŸ‘¦ & 1 spoiled rotten Shih Tzu ğŸ¶"
"x1609318045","x1396958738427219971",2021-05-24 22:38:12,"CannaPornia","It's LACK of law enforcement being Allowed to DO what their Paid to Do! Stop these BS stand down orders! #NoConsequences https://t.co/Vs3SsLpQg4","Mofo's CannaPornia Show, Cannabis & Porn from California! UnCensored, Funny, Independent of da Mob Talk! YouTube CannaPornia  https://t.co/PAXzdVtBwnâ€¦"
"x415106748","x1325193347862994944",2020-11-07 21:48:09,"Paul_me_May_be","@GavinC25 This also just proves how the media has you brainwashed buddy. It is still considered a â€œprojectionâ€ heâ€™s not actually elected. There are plenty of states that WILL have to recount ballots. Biden couldnâ€™t fill a Walmart parking lot for a rally. Ainâ€™t no way he has 70 million vote","|âœï¸Christ Followerâœï¸| EnagicÂ® Independent Distributor ğŸ’§| CHANGE YOUR WATER CHANGE YOUR LIFE Â®ğŸ’§| Ditch your 9-5 Pick up KangenÂ® 9.5 |"
"x826554136191705088","x1393221590536663040",2021-05-14 15:08:06,"lcmccarron","Some news is good, some bad, some mixed.

The national COVID-19 test positivity rate in the U.S. is 3.5%. It was 15% in January. 

This is an all time low for the pandemic.

This news is nothing but good.","Working for justice and equality. Independent thinker and eternal learner."
"x79919001","x1410347332244180993",2021-06-30 21:19:41,"mileskimball","â€œThe meÂ­dia..seem afraid to tell the stoÂ­ries of vicÂ­tims of crimeâ€”their lives, what hapÂ­pened, the physÂ­iÂ­cal &amp; emoÂ­tional imÂ­pact on them &amp; their famÂ­iÂ­lies..long-term efÂ­fects such as deÂ­bilÂ­itatÂ­ing anxÂ­iÂ­ety, or fear of beÂ­ing on the subÂ­way â€¦â€ https://t.co/rLMDT26sSs","Eaton Professor of Economics at the University of Colorado, Bloomberg columnist, and independent blogger on economics, politics, religion & fighting obesity"
"x1237525512647516161","x1321552287303696386",2020-10-28 20:39:53,"SimplyMarie2020","@KyleKashuv I canâ€™t. Itâ€™s too vulgar.","Wife, mother, grandmother, Marine brat, Catholic, Independent. God, family and country. American ğŸ‡ºğŸ‡¸ğŸ€ğŸ˜·"
"x276598810","x1409913348725129227",2021-06-29 16:35:11,"wehcfkane","@JonSavage1966 Love the record. Always hated the cover though.","Water Operator, Anti-Trump independent, MUFC fan, record collector."
"x1095329479029936128","x1373299590250688512",2021-03-20 15:45:11,"SilviaGrace19","This is an absurd policy that will block law abiding peopleâ€”particularly people of colorâ€”from pursuing careers in public service.Â 

We should be decriminalizing marijuana, not punishing highly-qualified staff for smoking pot in college.Â https://t.co/6zidoS3kvx","Proud Warrior and Weirdo (Aurora fan) Humanist Progressive Independent . Loves Movies, Music, Reading, Writing, animals,Video Games and politics."
"x48814364","x1387106303147905025",2021-04-27 18:08:08,"shalizar","In last 3 days, FOX has pushed lies, lies, lies that:

â¦@POTUSâ© coming for your burgers, limiting Americans to 4 lbs a yr.

@VPâ©â€™s kidsâ€™ book being given to migrant children at border.

@Bakari_Sellers,â© a southerner, is faking a southern accent. https://t.co/o4eVb42dwG","Agricultural Engineer, Master degree in Agricultural soil. independent, advocates for social justice and equal opportunity for all."
"x967117101419909120","x1414068077180846083",2021-07-11 03:44:36,"no_1_you_kno","@KC_Honey_ 3 dabs in watching Loki.. https://t.co/RYrwM8mHIx","#SpiraloutPsychonaut #Chiefskingdom #Royals #Mizzou #Greenearth #Humanrights #Bantrophyhunting #Independent #Sciencematters #Legalize #Climatechange"
"x51867210","x1399029753831739396",2021-05-30 15:47:40,"Tmite_KC","At least 22 people shot, 2 fatally, after assailants get out of an SUV and fire assault rifles at a club, police say
https://t.co/hBZtY42Vix","ğŸ‡§ğŸ‡¯ ğŸ‡¹ğŸ‡¬ ğŸ‡¨ğŸ‡² ğŸ‡¬ğŸ‡§ ğŸ‡ºğŸ‡¸ Politically Independent (Progressive) Full Obama Supporter and ain't afraid to say it! Snap: tmitebetheone IG: kcmo2atl"
"x1001119242023002112","x1384507485889994753",2021-04-20 14:01:22,"wfyoungblood","Because the system works for the old, white, male justice. Itâ€™s easy to say â€œrespect the judiciaryâ€ when it protects you. He is deaf to the whole system being the problem. It doesnâ€™t work for PoCs. Thatâ€™s why they continue to protest. #SystemicRacism https://t.co/ZAbSxhr4um","Writing my first completed fantasy novel. I live in AR with my wife Candice and our dogs. I am middle-left independent. No tolerance for bigotry or fascism."
"x19717024","x1233506909669511170",2020-02-28 21:38:59,"jubrugma","These teens on TikTok are out here doing the lordâ€™s work. https://t.co/KzGKGqR0w2","PokÃ©mon Go Tiktoker. Optician. Independent Scentsy Consultant."
"x16186313","x1403367703306506240",2021-06-11 15:05:08,"CSSNYorg","Our free eNewsletter will be going out later this month.  Make sure you've signed up to receive the latest updates in public benefits &amp; housing news!   

Create a free account at https://t.co/bkuliaVF8l 

Read @BPLCNYC's eNewsletters at https://t.co/5ipyljQbW4

#socialworkWORKS https://t.co/hii0K3jpN4","Weâ€™re an informed, independent, and unwavering voice for positive action on behalf of low-income New Yorkers."
"x30023164","x1415146793008992256",2021-07-14 03:11:02,"TedyhereMC","Man fuck off.. most people.dont know what the fuck you even talking about.. they feel a driving beat and go with it. https://t.co/FNxh7db3WZ","Liberty minded Constitutional Independent voter."
"x2998658360","x1413199074459746304",2021-07-08 18:11:29,"RuelGolden","@SenTedCruz I think it's time that the GOP condemns White Supremacy. The Proud Boys, Oath Keepers, Neo Nazis and KKK loved Trump. Some were part of Insurrection. The fact that Trump gave all the hate groups a platform is horrible. But let's not follow lousy character it reflects poorly.","Not a Democrat or Republican! I prefer to weigh both sides with out prejudice if possible! I was a Republican then Independent now disgusted!! CHARACTER COUNTS"
"x135414635","x1364502921174376448",2021-02-24 09:10:22,"anildharker","â€œPM Modi hints at election dates for four states by March 7.â€ 
How does he know? Has Election Commission merged with his BJP, as was predicted? 
https://t.co/tVKJOt4HxK https://t.co/uZgJN5VOwW","Founder Mumbai Int Literary Festival.Editor Illustrated Weekly, Independent, Mid-day. Head of FFC/NFDC& https://t.co/YTdAk2SMIA"
"x4391005874","x1408273433167896578",2021-06-25 03:58:45,"tlyles77txgal","Outrageous and politically corrupt. @RudyGiulianiâ€™s suspension nothing short of a personal persecution designed to send a message. Donâ€™t go near Donald Trump or we will destroy you. https://t.co/cD219YTcM1","Constitutionalist/Independent Voter. Follow Me on GETTR @tlyles77txgal & on Parler @tlyles77txgal"
"x787834806558011392","x1407955435609636865",2021-06-24 06:55:09,"wilting_db_rose","@EndGameWW3 A bridge in D.C now a building in Florida! Wow!","Political..right-leaning Independent. I vote. 1Amendment/2 Amendment are my priorities."
"x2437046546","x1410272845142409221",2021-06-30 16:23:42,"oilcitywyo","â€œThe first five federal holidays ... attempted to restore common ground between North and South,â€ Chernow says. â€œBoth sides in the Civil War claimed to have fought in the spirit of the American Revolution. It was therefore easy for both sides to honor Was https://t.co/jGKFZkCoWA","Oil City is Central Wyoming's only independent news platform, specializing in hyperlocal coverage of the people, places and events that shape our community."
"x404245772","x1413237070739382274",2021-07-08 20:42:28,"exp802","@Zoomer_Doomer_ Yes. https://t.co/CPys1ZHZ3S","Biologist // Progressive Independent // Organizing with @CA_WFP // ğŸ³ï¸â€ğŸŒˆ"
"x49496868","x1379537429783310342",2021-04-06 20:52:08,"beccab78","We had a President of the United States who conned a man dying of cancer out of his last $3,000. Of all his disgusting criminal activity, this may the lowest. Although tomorrow Iâ€™m sure weâ€™ll hear of something worse.","Feminist, Humanist, Mother, Egalitarian, Independent, General malcontent
she/her"
"x945849799466737665","x1354447096427016195",2021-01-27 15:12:06,"marcus3426","We must unite to protect our Constitution &amp; stand up to the likes of Brennan, Schiff &amp; Big Tech who are trying to take away our civil liberties &amp; undermine our Constitution. If our leaders fail to denounce &amp; stop them now, then the country we love &amp; cherish will no longer exist. https://t.co/hEMm5Ej3ia","Investor in real estate Independent thinker"
"x214706093","x1404390752160030722",2021-06-14 10:50:22,"jbreweratl","For each new morning let there be flow of love. Let there be light of happiness in every direction.
- Amit Ray https://t.co/mAFHOKa4GN","Managing Partner at Malibu Native Partners, LLC; Passionate dressage rider; Independent marketing professional."
"x95060593","x1404884321861832709",2021-06-15 19:31:38,"ArteZendejas","GOP traded 600,000 American lives for 234 Trump judges","Curmudgeon, retired bureaucrat, Independent, and proud dad & grandpa."
"x1027590708927057920","x1415853118793961472",2021-07-16 01:57:43,"BLUE_W0LVERINE","The Israeli right-wing has plans for 2022... Spoiler Alert, they involve taking down the Democratic Party.
https://t.co/AWcEaetNxS","ğŸ‡ºğŸ‡¸ğŸ´ó §ó ¢ó ³ó £ó ´ó ¿ğŸ‡®ğŸ‡ªã€½ï¸#DetroitRoots My space laser is purple. Independent #Humanist #BlackLivesMatter #BoycottToyota #EMTA ğŸ´â€â˜ ï¸"
"x846206556","x1385756745608286211",2021-04-24 00:45:28,"JakkiSwicegood","ğŸ•µğŸ»â€â™‚ï¸âš”ï¸   Look what the FBI has given us tonight. Another Face, another Number. This is Suspect #329.  Do you recognize this man?  Look Hard. If you do, contact the FBI Tip Line, reference this photo, and identify him as Suspect #329.  âš”ï¸ğŸ•µğŸ»â€â™‚ï¸ https://t.co/dpJl4DYWlT","Insurance Nerd. Registered independent, leans left. Sober. Empty nester, sports enthusiast. Born and bred in NM, love my new home state of AZ!"
"x3944068872","x1407449950686830594",2021-06-22 21:26:32,"eekamax","@tonyposnanski I have a feeling the science deniers will weed themselves out with this new Delta variant. And then maybe we can get some climate change protections in place because all the idiots will be gone.","Writing, Investing, Politics (Independent) #LGBTQ #GoBlue ã€½ï¸ ATLâ¡ï¸LAS"
"x799585158","x1410414589309853698",2021-07-01 01:46:56,"SinisterDeath25","@thedustywheel First one we see some ""dust"" later, we see other weird effects casting their own lights and shadows. https://t.co/OHvuIGJFS1","AutoCAD Drafter â€¢ Independent â€¢ Atheist â€¢ Gamer â€¢ MTG â€¢ D&D â€¢ SciFi/Fantasy Book/Movie Nerd â€¢ Wheel of Time â€¢ Minnesota â€¢ Gardener â€¢ Baker"
"x1678715528","x1413639110229647365",2021-07-09 23:20:02,"CarolynnFink88","@w_white18 Just perfection â¤ï¸","Proud lifetime member ofJrNation,Mom,Wife,Nana,Early Childhood Educator,Registered Independent! I swear allot! DON'T PM ME THIS ISN'T A DATING SITE!"
"x3195983641","x1382399510928773125",2021-04-14 18:25:01,"BernicratAaron","Our planet is burning and flooding at the same time. Donâ€™t tell me we can spend $1,700,000,000,000 on a failed F-35 program but come up short when it comes to investing in a Green New Deal.","#EndApartheid for ğŸ‡µğŸ‡¸ï¸
#RespectDiversity ğŸ³ï¸â€ğŸŒˆâœŠâœŠğŸ»âœŠğŸ¿
#UBI , #RankedChoiceVoting & #M4A
Independent voter.

Politics account. Video games: @ActionGameAaron"
"x1085068378144796672","x1406335794818654209",2021-06-19 19:39:16,"wpseattle1","@Genterline @ChristianWalk1r Why would you talk about that? You think we did them a favor by enslaving them?  Hey and those Indians.. look they arenâ€™t living like savages anymore, they have casinos! Seriously?","mom, business owner, concerned citizen, independent"
"x2417614552","x1411124944260546570",2021-07-03 00:49:38,"bperez1776","@edwards21228 Hang in there and be safe!","A conservative independent (reasonable Republican), likes and retweets are not an endorsement. My opinions are my own. ğŸ‡ºğŸ‡¸"
"x192013849","x1362058184530165762",2021-02-17 15:15:51,"mdantz65","@daveweigel Wow....Tucker Carlson is a repugnant piece of crap.","Fiercely independent. Nature is my church. The only way out is through. #ClimateSolutionsNow #BLM #EndRacism #ProudResister #FBR #45ForPrison"
"x3242680764","x1398620014882615305",2021-05-29 12:39:31,"ddfxtrader","""appropriate levels of vitamin D prior to COVID-19 infection could help to counteract severe symptoms of the disease""

Tiny Mexican Randomized Trial of 42 mostly deficient outpatients with 14-day 10,000IU vitamin D3 supplementation.

https://t.co/P1Kp2lV2bd","Independent Forex Market Trader"
"x920499679359406080","x1412152299246530560",2021-07-05 20:51:59,"4everContrarian","@ProgApostate @Man_of_Shul @cenkuygur @aaronjmate Why do you take Bellingcat word when they say ""A draft version of a letter seen by Bellingcat and not publicly released by either â€˜Alexâ€™, Wikileaks or any of the journalists who have covered the so-called scandal, proves that a chemical attack did occur.""","ğŸ‡ºğŸ‡¸Combat Vet 2/3 OEF USMC 8404|Father|Husband|Panentheist|Autodidact|Integral|Progressive Independent|BAğŸ“MAED|In relationship with everything in the worldâ™¥ğŸ’ª"
"x14801219","x1408518109351362561",2021-06-25 20:11:00,"MinnPost","Chauvin sentenced to 22Â½ years; Walz says heâ€™ll end state of emergency August 1; video raises questions about Terrance Franklin case; and more in the afternoon Glean https://t.co/KUJbwypd7Z","Independent, member-supported journalism for Minnesota.
Subscribe to MinnPost's e-mail newsletters: http://t.co/39gqxeH3iL"
"x708573028","x1410948550813536260",2021-07-02 13:08:43,"Ldolan9424","@JYSexton I might be able to accept that if the elite few werenâ€™t so damn stupid. Frankly, there is not any elite few that should be followed because, as history has shown, they are almost always relaxed by a more power hungry leader. Thatâ€™s why itâ€™s so important to fix our problems today","Retired lawyer/ engineer; happily married with two children. Former Republican, now Independent."
"x118774322","x1297756789325217793",2020-08-24 04:45:04,"byallisonlee","This is 29-year-old Jacob Blake who was shot by Kenosha police. His fiancÃ© shared this picture with us. https://t.co/6Si9lkCPFu","@WGAWest Screenwriter. @FilmIndependent, @SundanceOrg, @WriteHedgebrook Fellow."
"x3168110602","x1384921581512765444",2021-04-21 17:26:50,"Maureen35757488","â€œI canâ€™t breathe.â€
 
Those were George Floydâ€™s last words.
 
We cannot let them die with him. We have to keep hearing them.
 
We must not turn away. We cannot turn away.","Independent thinker, voracious reader. Ordained minister and clinical chaplain. Married 40+years, raising a 13 yr old granddaughter with kick ass superpowers!!"
"x309368540","x1393648825496186886",2021-05-15 19:25:47,"TheHorrorDude","@JDCocchiarella Only to total fucktards that forgot their side was pretending that burning down a police station was a peaceful protest...","Truth addict & a socially liberal, fiscally conservative, anti-MSM, anti-establishment independent thinker & voter. I support free speech, 2A, police & Trump!"
"x2522185196","x1415172511235383300",2021-07-14 04:53:13,"TheFiddl3r","The entire house GOP needs to block ALL FUNDING for US intel agencies until we get an answer.

The American people are entitled to an answer. https://t.co/JGpXdZZWyT","Husband, father, great & grandfather, brother, uncle. Bluewater 'Nam Vet. BS in E&CE Oregon State. Independent. Retired. XBox gamer. #NRA #Trump. Photo IS me."
"x346199978","x1351215975430049796",2021-01-18 17:12:47,"BobHaysSA","@twatterbaas @almostjingo ğŸ‘ŒğŸ‘ğŸ‘Š","CFO, The Pat Hays Group at eXp Realty; Independent Associate, IDLIFE; Husband; Father of 2; Grandfather of 5; news/political junkie"
"x2764041324","x1372929676776239111",2021-03-19 15:15:17,"Designer_Lifee","Iâ€™m two hours ahead of mountain standard time so sometimes I feel like I live in the future LOL","INDEPENDENT. Now offering photography, graphic design, & Audio Engineering. Sync Licensing: orproductions5280@gmail.com HOLD UP! Out now ğŸŒ"
"x1231040018665426944","x1376151347704250371",2021-03-28 12:37:03,"MajorZaslavska1","@LindseyGrahamSC Girl, shut up!","Retired, Independent, survivor of multiple suspensions on Twitter. Yet, I am back again. Re-follow me, again! 2021 looks better. Russian-Puerto Rican American"
"x778005628421754880","x1372900784267001858",2021-03-19 13:20:28,"drakonjax","@FrakerMonica Good lord how is this idiot in Congress?","Wife, mom, grandmother, traveler, nasty woman resisting like it's my job. Liberal, independent, foul mouthed but kind hearted."
"x2741370595","x1391555952952758276",2021-05-10 00:49:27,"IdahoIndep","@HerLaptop112 @RKalisher @PalmerReport Absolutely","The major enablers of persistent racism are denial and defensiveness. I love America and her people. Independent imperfect Christian. Cold War Veteran"
"x897760742367047680","x1317709600645206018",2020-10-18 06:10:25,"jefejeffyjeff","@OtakuOlaf @Funyins1004 @peterdaou frames of thinking. This is why establishment always wins out. Progressives understand what needs to be done and work their asses of to figure out the most realistic way of getting there. Fake progressives just know who to bark at and what jargon to use on Twitter","Progressively IndependentğŸ‡ºğŸ‡¸ğŸ¤™ğŸ¿
ANTIFA Human Resources 
TribalismğŸš«
RacismğŸš«
#FuckCandaceOwens

WATCH THE SOCIAL DILEMMA
https://t.co/Ueebc99fLEâ€¦"
"x507987981","x1349344333493907457",2021-01-13 13:15:33,"lbm_dst14","Just posted a photo https://t.co/lpE0558g3S","Independent Consultant"
"x2847563500","x1325145923723255810",2020-11-07 18:39:42,"pbdoinwell","I was assured that New York was dead and deserted but apparently there are still a few survivors in the wreckage https://t.co/N7pZTnHtqX","Proud Independent!"
"x254853469","x1392989038370562050",2021-05-13 23:44:01,"IndieFilmNYC","@robertcyoung me too","Merging the Art and Business of Independent Filmmaking - Weâ€™re going to need a transformation for indie film post-covid"
"x321925296","x1396180955505827841",2021-05-22 19:07:34,"rxjimburke","@CNN This is from the people that told us we should be washing down our groceries in the garage total bullshit","Trump supporterğŸ‡ºğŸ‡¸ğŸ‡ºğŸ‡¸ğŸ‡ºğŸ‡¸ğŸ‡ºğŸ‡¸ğŸ‡ºğŸ‡¸ğŸ‡ºğŸ‡¸I believe in legal immigration I believe in jobs not welfare.. independent voter.. #LiveFreeOrDie #NeverSocialism"
"x721122426495574017","x1397314401838014467",2021-05-25 22:11:28,"jannwis","Restaurant owners canâ€™t find waitstaff?

Minimum wage in 1991: $2.13 an hour plus tips. 

Minimum wage today: $2.13 an hour plus tips.","Independent in Midwest.  #vote #vaccinessavelives #greenbaypackers ğŸ’š"
"x110896713","x1413241004409372672",2021-07-08 20:58:06,"davetauro3","Queen Speaker Nancy Pelosi called Trump a twice impeached Florida retiree and I wholeheartedly believe we should refer to him as a retiree from now until the end of time. It is so.","Teacher, sports coach, soccer referee, and community volunteer. Former Ad and Mktg man. Rock music historian. Dad. Independent voter. #Yankees #SU #Seahawks"
"x763542800377876480","x1354553381306552322",2021-01-27 22:14:27,"angry__saint","Guys - this is Phil Arballo. Heâ€™s running against Devin Nunes. 

Letâ€™s give Phil a follow and get him to 300k followers today. Devin Nunes is the worst. https://t.co/Cj99GJd0NM","#IndependentProgressiveLiberal #RESISTğŸ”…#GOPutinğŸ”…#BLMğŸ”…#TurnAZblueğŸ”…#MAGAtsğŸ”…#AdoptDontShopğŸ”…#AtheistğŸ”… #ClimateActionğŸ”…#LGBTQğŸŒˆAllyğŸ”…#Insulin4all"
"x32641779","x1372442671713751043",2021-03-18 07:00:06,"rjjenks","Every single one of us should be tweeting support for the Asian community. 
We see you and we have your back.","Retired. Minnesota native. Science matters! Mask up! Vaccinate! COVID-19 is real! Was Independent, now Democrat. #FactsMatter #BidenHarris. Love Bowling"
"x24615125","x1374892233846034432",2021-03-25 01:13:47,"captainhooks99","i got 4 moods .. idk , idc , idgaf &amp;&amp; watch dis.","Independent Music Artist ğŸ¤™ğŸ½ğŸ¤. Business Inquiries / Booking / Features: captainhooksmusic.inc@gmail.com. (919)428-6182     amosc:@iamcaptainhooks"
"x49686698","x1412522959000854529",2021-07-06 21:24:51,"Lovetoyarn","Anyone have an aging parent, and none of your siblings chip in to help? Not just financially, but emotionally?","Wife. Boy Mom. Dog Mom. Cat Mom. KnitterğŸ§¶. GardenerğŸŒ±. Coffee â˜•ï¸ Lover. Small business owner. Independent Woman!ğŸ”¥ Vote Biden! #Resister No DMâ€™s. #Vaccinated"
"x465980302","x1399566400839028738",2021-06-01 03:20:07,"ASynthesist","@TheDemCoalition I am tired of Dem Congress leaders slow walking things, saying it takes time.
All the bills passed last term sat in Senate due to McConnell.
Those bills &amp; others should be flying thru, protecting democracy now.
Dems have skeletons hiding, dont they?
@SpeakerPelosi
@SenSchumer","Org Consultant/Internatl Development- uplift those without basics or a voice. Adventurer. Independent; ADHD tweeter.  Lean left."
"x714629384","x1361428915420618753",2021-02-15 21:35:22,"mcf_sctt","So, you say you hate socialism?

If you make $50,000/year, $36 of your taxes goes to food stamps. $4,000 goes to corporate subsidies.

If the $36 upsets you more than the $4,000, then you just hate poor people - not socialism.","Former Republican, now independent conservative who believes in what the Republicans used to believe in...to include respect and dignity. #trollingfromthetoilet"
"x153010090","x1390398153099255812",2021-05-06 20:08:46,"MattyTriscuitz","@BoroIncVIP @BoroInc Did I hit a free month or under retail/market link?","Girl dad. 99% sneakerhead 1% reseller. End racism. Politically Independent; dislike Trump, Biden and Kamala."
"x1027632694111481856","x1398235081395912707",2021-05-28 11:09:56,"hoolyinarkanas","@4a_of The Democrats are all very disappointing.  When the people are working harder for them than  they do for us things need to change.  They've sat back 2 times now while so many people gave â™¥ï¸ and soul to give them  control. Grow some spines!!! Nice won't win against evil","Independent voter, retired,old hippie and Boomer. Joe Biden Is my President.  Never Trumper.  Surrounded by Republicans .#VoteBlueNoMatterWho to stop the crazy"
"x750890697629335552","x1310306483893133313",2020-09-27 19:53:04,"ame_errante1982","@realDonaldTrump @WhiteHouse Americans are STARVING , waiting for a second #STIMULUSCHECK !!!!  Can we count on you to make this happen QUICKLY! It needs to happen wayyy before the ELECTION!","Gypsy Spirit. Wandering Soul. Lupus Warrior. Little Big Spoon. BE Independent.Stand for Something or FALL for ANYTHING. Valar Morghulis. âœŒğŸ¼â˜®ï¸ğŸ¤ğŸ¼"
"x1296229028853174272","x1415056238891646985",2021-07-13 21:11:12,"VBullullard","Itâ€™s completely normal and not at all insane that the President of the United States wanted to execute a staff member. #BunkerBoyTrump","Retired. Served in the US Army. Registered independent leans liberal. Dog and animal lover."
"x621335481","x1415326218610626566",2021-07-14 15:04:00,"LuluWalcott1","Calling out bad faith actors who attack organizers and activists is not leftist infighting

Some of yâ€™all have to give up the false peace you are looking for

If you are allowing people to smear activists and organizers for a Medicare for All March what are you doing!?","Green-eyed JamaicanğŸ‡¯ğŸ‡²IrishğŸ‡®ğŸ‡ª #Mulatto in L.A. ğŸ˜Leftist. Progressive. Independent. Actor. #Atheist #Feminist #Bernie2020 @GreenPartyUS ğŸŒ» @PeoplesParty_USğŸŒ"
"x941389976775942144","x1408826460253704196",2021-06-26 16:36:17,"TheLovingPastor","@FundyRules On my way! https://t.co/Cba4DPd1OL","Pastor of the No Hope Independent Baptist Church in Bitterend, TN. Loving the flock & tightening the Bible Belt. Just trying to share what's on my Bless Gawd â¤ï¸"
"x424762733","x1409507909915062273",2021-06-28 13:44:07,"dmbseven41","@iamjumpingin Always hoping for truth.  But like you, Iâ€™m doubting.
I want to be wrong.","Catholic Wife & Mom. â¤ï¸45, independent conservative, pro2amd, support our troops and law enforcement ğŸ’™ BostonBruinsğŸ–¤ğŸ’›"
"x351698150","x1319633778843766785",2020-10-23 13:36:25,"TheresaAnn65","@megynkelly You are never going to be where you were. You f..... it up. Just learn to live with it and go on without commenting. Just like #trump in 20016, you do not have the popular vote.","Mom of four sons. Blessed and forever grateful transplant recipient. Former Behavioral Health RN. #autismparent #donatelife #nursesunite #independentparty"
"x1671691002","x1358248473976598530",2021-02-07 02:57:25,"ByasseeMark","@JoJoFromJerz Go get some wings from Country Sweet Rochester you might change your mind on wings.","Political Independent US Army Vet Small biz owner for limited gov, personal liberty, healthy environment, racial equality, and helping the needy and education"
"x3369800255","x1415673913749635082",2021-07-15 14:05:37,"nola_nobody","@DempMcgee The last box I bought (for $20!) was dark blue and I was worried they were to dark specifically because they were going into kit. I only ever used black when I was working on vehicles.","Father, Husband, independent, ops/logistics mgr, rudeboy rapscallion https://t.co/wXPTbanelM"
"x2837614067","x1415137981061640192",2021-07-14 02:36:01,"metsfanmikes804","Quite a thing to be sitting far from home in Croatia listening to Sam Cook come on in the restaurant singing â€œA Change Is Gonna Come.â€ It will someday but there is a big fight ahead. Texas Democrats arenâ€™t fleeing anything. They are fighting for voting rights and democracy.","Mrs. Met secretly wants me. Mets, Packers, Rangers. Fierce Independent. Depiser of bullsh*t. Cranky old man in training."
"x488907519","x1395858427340013569",2021-05-21 21:45:57,"hannayork226","Holy crap! Could we PLEASE have more politicians find their conscience &amp; think about the people who voted for them rather then their personal gain https://t.co/ZSvlQfcq2s","Registered Independent & Rather opinionated! Greedy politicians send me into a rage! Rescued dogs encouraged & adopting shelter Dogs make those people heroâ€™s!"
"x40659540","x1351936118762196992",2021-01-20 16:54:23,"Swoop05","Thank God we made it to this day!!!!   We have a real President again!!!      God Bless America!!!!!

#BidenHarris2020 #BidenHarrisInauguration #BidenHarrisToSaveAmerica #VeteransAgainstTrump","Retired USAF MSgt (POL) #ILeftTheGOP Now an Independent #VetsAgainstTrump #NeverTrump #Resist  â›·ğŸš´ğŸ¼â€â™‚ï¸ğŸ·ğŸ¥ƒğŸ§ŠğŸŒŠğŸŒŠğŸŒŠ"
